song_id,valence,arousal
1,3.1,3
2,3.5,3.3
3,5.7,5.5
4,4.4,5.3
5,5.8,6.4
6,3.2,4.8
7,4,4.7
8,5.5,5.8
9,3.2,4
10,4.4,6
11,4.8,3.9
12,5.9,4.3
13,5.4,6.5
14,6.6,6.3
15,4,4.8
16,5.3,3.9
17,7.9,4.7
18,4.7,3.8
19,4.2,3.3
20,4.8,6.5
21,6.6,5.3
22,7.3,5.4
23,4.6,4.8
24,4.3,5.1
25,6.1,5.1
26,6.7,3.5
27,3.9,4.9
28,5.1,2.1
29,5.3,4
30,4.4,4.4
31,4.5,4.8
32,3.9,5.3
33,3.6,4.8
34,3.6,3.2
35,4.6,5.1
36,4.3,5.1
37,3.1,3.3
38,5.8,5.4
39,6.4,5.8
40,3.3,3.4
41,5.3,4.1
42,4.3,6.4
43,6.2,3.9
44,3.6,4.9
45,6.4,5.8
46,7.2,6.8
47,3.8,4.9
48,3.2,3.9
49,4.4,3.6
50,5.9,3.7
51,6.7,5.6
52,5.8,5.6
53,3,4.3
54,4.3,3.2
55,4.2,2.9
56,3.4,3.9
57,5.5,5.5
58,6,5.1
59,6.1,3.9
60,2.9,3.5
61,6.1,5.8
62,5.9,5.6
63,7.1,6.2
64,5.4,5.6
65,5.3,2.6
66,6.7,5.5
67,4.5,4.8
68,4.3,4.2
69,4.5,5.5
70,5.8,4.7
71,7.2,6
72,3.3,4.6
73,6.8,6.9
74,4.3,2.7
75,4.3,4.1
76,3.4,2.8
77,6.5,5.4
78,5.6,3.3
79,6.1,3.3
80,6.5,5
81,4.6,3.3
82,6,4.8
83,4.5,4.2
84,4.4,4.5
85,4.4,2.8
86,5.3,5.3
87,6.8,6.4
88,5.4,3.8
89,4.8,5.7
90,8.4,7.8
91,4.4,3.9
92,3.9,5
93,4.9,4.6
94,4.3,3.2
95,3.8,5
96,3.1,3.9
97,5.5,4.6
98,6.1,6.2
99,3.7,2.8
100,4.5,4.2
101,5.1,6.1
102,3,5.3
103,3.6,4
104,4.2,6
105,3.3,4.2
106,6.1,4.9
107,2.8,2.2
108,5.4,6
109,3.7,3.5
110,6.8,6.2
111,4.3,5.8
112,3.8,2.4
113,4.2,4.5
114,4.6,4.8
115,4,4.9
116,3.4,4.7
117,3.1,5.4
118,2.4,3.5
119,4.7,5
120,3.4,3.1
121,5,5.4
122,4,4.5
123,4.4,5.6
124,3.9,4.5
125,4.2,4.1
126,3.6,5.4
127,6.4,6.7
128,4,6.2
129,2.1,3.6
130,3.8,3.1
131,3.5,3.5
132,6.3,3.5
133,3.7,4.6
134,3.6,4.5
135,4.1,2.9
136,3.1,4.2
137,2.7,3.3
138,3.3,3.4
139,2.4,2.8
140,3,5
141,2.1,3.6
142,3.8,5
143,4.6,2.2
144,4,3.8
145,3.7,4.3
146,2.4,3.9
147,4.8,5.6
148,2.8,3.7
149,5.2,6
150,4.8,5.9
151,3.7,2.5
152,2.2,3.7
153,3.6,3.4
154,4.9,4.6
155,3.7,4
156,2.5,3.7
157,4,3.3
158,6.5,7.1
159,2.8,3.1
160,5.1,6.3
161,5.8,6.1
162,4.1,3
163,2.7,4.7
164,4.2,2.7
165,4.3,4.5
166,2.2,2.8
167,1.9,3.3
168,5.3,5.7
169,3.7,4.8
170,4.6,5.2
171,3.5,4.8
172,3.6,2.2
173,3,4.5
174,2.3,2.6
175,4.8,4.8
176,4.8,6.5
177,3.1,4.6
178,4.2,5.5
179,3.1,4.9
180,4.6,5.4
181,2.6,2.5
182,3.6,4.1
183,3.2,2.6
184,4.5,5.3
185,3.5,4.8
186,2.9,4
187,2.4,3.8
188,4.1,3.4
189,4.3,3.4
190,3.8,4.3
191,2.2,3.5
192,5.5,5.7
193,3.7,4.2
194,4.9,5
195,3.1,3.5
196,3.5,4
197,4.8,4.8
198,4.1,5.6
199,2.5,2.7
200,4.7,4.5
201,3.5,3.9
202,3,3.7
203,2.5,2.4
204,4.2,3.9
205,3,4.6
206,2.3,3.3
207,6.4,6.6
208,4.1,4.6
209,3.5,4.7
210,7.2,4.1
211,4.3,4.2
212,4.2,6.1
213,4.9,3.2
214,3.9,4.5
215,3.4,3.7
216,3.4,3.6
217,6.6,2.5
218,5.3,7.4
219,7.6,6.9
220,4.3,4.3
221,5.3,3.6
222,5.6,6.9
223,5.3,5.5
224,4.5,6.4
225,3.6,4.8
226,4.3,4.8
227,6.1,7.1
228,5.9,6.4
229,5.4,7.2
230,7.7,6
231,5.3,5.5
232,6.1,5.3
233,5.5,5.1
234,3.6,4.7
235,4.2,3.3
236,5.4,7
237,3.2,4.2
238,4.4,5.2
239,3.5,5.1
240,5.7,6.9
241,3.5,5.2
242,5.7,6.7
243,2.1,3.9
244,7.3,7.4
245,6.3,4.2
246,5.5,6.5
247,5.9,5.7
248,3.1,3.6
249,4,5.4
250,2.8,4.3
251,6.8,4.5
252,3.2,3.7
253,6.6,7
254,7,6.4
255,3.8,4.6
256,6.4,6.8
257,5.7,6.7
258,6.1,6.8
259,4.3,6.6
260,5.3,5.8
261,2.1,2.7
262,5.8,6.9
263,4.6,5.8
264,3.6,5.3
265,5.8,5.9
266,6.4,7.5
267,2.8,3.5
268,6.1,4.3
269,5.9,5.9
270,4.5,6.6
271,7.4,6.6
272,7.3,6
273,6.1,7.6
274,4.82,5.73
275,3.3,4.7
276,5.5,5.4
277,5.4,7.2
278,6,7.1
279,5.2,4.2
280,3.3,4.2
281,5.9,3.1
282,5.5,6.9
283,6.7,6.1
284,5.9,5.9
285,6.8,6.8
286,6.1,6.6
287,3,3.8
288,5.9,6.9
289,3.8,4.6
290,3.8,4.4
291,4,5.1
292,7,8.1
293,4.6,5.2
294,7.2,6.5
295,6.7,7.3
296,3.82,5.82
297,5,5.7
298,4.6,5.8
299,6,6.5
300,5.5,4.5
301,4,4.8
302,7.1,6.4
303,5.1,6.5
304,4.6,5.6
305,4.8,6.5
306,5.6,4.2
307,2.5,3.7
308,2.5,5.5
309,2.55,3.36
310,4,5.9
311,5.5,6.5
312,6,7.1
313,6.9,6.1
314,3.1,2.7
315,4.8,6.1
316,2.9,3.4
317,3.8,3.4
318,5.2,6.6
319,3.6,4.8
320,7,4.9
321,1.9,2.8
322,5,5.9
323,5.5,5.9
324,1.9,2.9
325,5.6,4.8
326,6,6.7
327,4.2,3.6
328,3.6,4.1
329,5,5.5
330,6.2,6.2
331,5.7,6.2
332,5.5,6.1
333,3.4,4.8
334,6,6.4
335,6.7,6.2
336,7,7
337,6.7,7
338,5.1,5.6
339,5.5,6.4
340,7.1,7.1
341,5.1,5.2
342,6.9,6.8
343,6.1,7.4
344,5.3,4.3
345,4.3,4.5
346,6.6,6.1
347,3.8,5.1
348,6,5.2
349,5.5,5.2
350,3.3,4
351,4.5,5.4
352,2.8,3.7
353,5.2,4.5
354,7.1,6.8
355,5.3,5.3
356,5.2,5.8
357,6.6,6.6
358,3.3,4.3
359,4,2.9
360,6.1,5.5
361,5.3,5.3
362,4.5,5.9
363,4.3,5.2
364,5.2,4.3
365,5.3,6.3
366,4.6,5.1
367,4.1,4.5
368,2.3,2.5
369,2.4,4.6
370,6.7,6.5
371,3.6,3.8
372,4.1,5
373,4.9,4.4
374,5.45,6.75
375,4.6,5.6
376,5,4.8
377,5.4,5.7
378,6.1,2.3
379,3.4,5
380,6.3,6.1
381,3.8,3.8
382,4.8,4.4
383,5.8,4.6
384,5,5.7
385,5.1,5.6
386,6.6,5.9
387,5.7,6.8
388,3.6,3.4
389,5.1,5.3
390,6.5,5.2
391,7.1,5.5
392,5.6,5
393,7.1,7.2
394,2.8,3.2
395,4.5,5.7
396,2.7,4.1
397,3.4,4.7
398,1.9,3.5
399,6.4,6.5
400,2.6,3.7
401,6.2,5.7
402,4.5,5.3
403,1.6,3.4
404,4.6,5.2
405,3.9,3.7
406,4.4,4.8
407,3.7,4.9
408,3.7,4.1
409,4.7,5.9
410,6.2,5.7
411,2.9,2.8
412,3.6,3.6
413,6,5.2
414,2.5,4.4
415,4.8,4.6
416,5.8,6.4
417,4.8,4
418,2.9,4.1
419,4.9,4.8
420,5.1,5.4
421,3.1,4.2
422,4.3,5.8
423,3.8,3.4
424,4.1,3.4
425,6.8,5.3
426,4,5.5
427,3.8,4.6
428,3.5,2.7
429,5.1,5.9
430,3.3,4
431,4.3,4.8
432,4,5.7
433,4.7,5.8
434,3.3,3.5
435,6.1,6.5
436,5.1,4.5
437,5,2.6
438,4.1,4.4
439,4.8,4.5
440,3.4,4.8
441,4.2,5.9
442,3.2,4
443,2.8,5
444,5.2,4.8
445,5.6,6.1
446,2.8,3.2
447,2.9,4.6
448,6.9,7
449,4.7,4.9
450,3.1,3
451,5.4,3.1
452,4.5,4.8
453,5.6,5.5
454,3.1,3.2
455,2.4,4.4
456,5.3,6
457,3.1,4.9
458,2.5,2.4
459,4,4.2
460,5.2,5.9
461,5.7,6.2
462,5.45,5.09
463,4.2,3.1
464,4.8,6.4
465,4,5.6
466,3.5,4
467,4.4,6
468,4.1,5.6
469,4.4,6.1
470,2.9,3.8
471,5.3,5.55
472,6.3,6.5
473,5.1,4.8
474,5.6,6.6
475,5.2,6.8
476,4.3,3.7
477,3.2,5
478,3.5,5
479,6.5,3
480,5.8,4.4
481,2.9,4.4
482,4.5,5
483,3.8,5.9
484,3.1,4.4
485,4.9,6.8
486,7.4,7.6
487,7.6,3.1
488,4.2,5.4
489,4.7,5.8
490,6.6,7.6
491,2.2,3.6
492,3.2,4.4
493,6.1,6.3
494,7.6,7.8
495,3.5,4.2
496,4.3,5.6
497,4.6,5.7
498,3.1,3.8
499,3,5.8
500,5.1,6.8
501,6.2,6.7
502,6,4.2
503,6.4,7.1
504,3.2,4.3
505,5.3,6.5
506,5.1,4.4
507,2.6,4.1
508,5.1,5.6
509,4.4,5.7
510,2.1,2.8
511,2.2,2.8
512,5.9,5.1
513,3.3,4.3
514,7,6.6
515,5.7,6.2
516,5.3,5
517,4.2,4.9
518,5,5.3
519,3.1,3.7
520,4.4,6.3
521,6.6,6.7
522,6.8,7.4
523,5.1,5.8
524,6.6,6.6
525,6.5,5.3
526,4.9,6.6
527,4.8,6
528,4.3,4.9
529,4.5,3.6
530,3.4,5.5
531,7.3,7.4
532,4.3,5
533,3.8,4.6
534,2.4,4.4
535,5,3.7
536,6.9,6.1
537,6.2,5.3
538,5.9,6.2
539,5.3,5.8
540,4.8,5.8
541,3.9,3.7
542,3.7,4.5
543,4.8,5.6
544,7.5,3.3
545,5.1,6
546,4.1,4.2
547,5.5,6
548,3.2,3.1
549,3.2,3.2
550,5.8,5
551,5.4,5.1
552,2.9,3.1
553,3.4,5.3
554,4.9,6.3
555,4.4,4.8
556,2.9,4.3
557,4.5,4.9
558,5.9,6.5
559,7.1,7.2
560,5.7,5.5
561,5.7,7
562,6.5,7.2
563,6,6.1
564,5.1,5.1
565,7,3.6
566,4.3,4.5
567,6.9,7.5
568,6.4,3.5
569,3.7,4.5
570,7.3,5.8
571,5.6,6.3
572,4.3,5
573,5.7,6.3
574,4.3,4.9
575,2.7,3.7
576,4.1,4.9
577,5.5,6.2
578,6.2,6.9
579,3.7,4
580,4.6,4.4
581,6.1,6.5
582,3.1,5
583,6.1,5.5
584,4.2,1.6
585,3.7,4.6
586,3.6,4.9
587,5.1,4.4
588,4.2,4.9
589,5.3,5.7
590,5.9,6.8
591,6,6.1
592,4.8,5.9
593,6.7,5.9
594,3.5,5.5
595,6.3,7.5
596,5.2,6.5
597,6.2,5
598,4.5,4.7
599,3.7,4.4
600,3.5,4.5
601,6.2,5.1
602,2.8,5.3
603,5.8,6.2
604,4.9,6.3
605,7.2,4.7
606,4.7,5.7
607,6.1,6.3
608,3.9,5.2
609,7.2,5.4
610,2.7,4.6
611,2.5,4.2
612,2.2,3.5
613,5.2,5.1
614,4.9,5.4
615,6.5,5.9
616,4.1,5.6
617,4.5,4.5
618,3.3,3.5
619,6.9,6.8
620,2.2,3.5
621,6.4,6.6
622,4.8,6.5
623,3.1,4.3
624,6.5,6.6
625,4.1,4.9
626,6.2,6.7
627,6.1,5.3
628,5.5,5.9
629,5.9,6.8
630,4,5.7
631,6.4,6.4
632,4.8,4.8
633,7.2,7
634,4.1,5.7
635,4,4.7
636,2.3,4.5
637,5.3,5.9
638,5.2,6.2
639,5,5.8
640,4.7,4.3
641,7.1,5.7
642,5.7,4.4
643,4.2,4.7
644,3.8,3.4
645,5.1,4
646,6,5.5
647,2.2,2.7
648,3.6,3.1
649,5,4.4
650,4.5,4.7
651,2.9,3.8
652,2.9,4.5
653,6.7,5.6
654,4.9,5.3
655,4.4,4.5
656,3.6,5.1
657,6.6,6.7
658,6.4,7
659,5.7,5.9
660,2.8,4.6
661,5.8,5.1
662,5.8,6.5
663,2.6,4.1
664,6.4,6
665,3.4,5.5
666,6.8,7
667,6.3,4.4
668,6.3,6.7
669,5.6,6
670,4.9,3.8
671,5.3,5.2
672,5.5,5
673,5.9,5.4
674,5.1,5.6
675,6.9,7.2
676,3.6,4.7
677,3.4,5.5
678,3.9,2.9
679,7.3,3.3
680,4.9,4.3
681,6.4,5.5
682,5.3,6.3
683,7,3.3
684,5.9,5.6
685,5.7,4.2
686,5.5,4.9
687,6,5.5
688,7,6.6
689,7.1,4
690,4.8,3.3
691,5,5.2
692,5.9,6.1
693,5.4,6.2
694,4.9,5.7
695,4,5.5
696,5,4
697,6.3,6.5
698,4.5,4.9
699,6.2,6.4
700,5.4,4.7
701,7.3,4.2
702,6.2,2.7
703,7.2,5.9
704,4.8,4.1
705,7.1,6.5
706,2.3,2.8
707,5.7,6.1
708,4.2,3.7
709,5.1,5.5
710,3.8,5.6
711,4.5,5.4
712,2.8,4.7
713,5.5,5.1
714,6.2,6.4
715,7.7,7.7
716,5.6,5.5
717,7.4,3.4
718,7.6,7
719,2.8,4.4
720,3.8,3.2
721,6.6,6.6
722,6.5,4.6
723,4.1,4.2
724,6.2,5.9
725,7.3,3.5
726,7.7,6.1
727,3.1,5.5
728,5.8,4.3
729,6.7,6.6
730,4.8,6.3
731,3.9,6.1
732,5.8,4.5
733,6.3,3.6
734,5.4,5.9
735,6.3,6.4
736,6,6.1
737,3.1,3.5
738,4.4,3.8
739,6.6,5.3
740,4.7,2.4
741,6,6.7
742,6.4,6.7
743,4.1,5.9
744,6.8,5.6
745,4.4,3.8
746,4.5,3.2
747,5.3,3.3
748,3.8,4.7
749,5.4,5.1
750,4.6,4.4
751,5.2,5.4
752,6,5.4
753,3.5,3.7
754,6.5,6.5
755,4.5,3
756,4.3,2.9
757,3.2,3.5
758,4.9,4.5
759,5.9,6.3
760,3.3,1.9
761,4.1,3.8
762,3.7,2.5
763,4.3,2.8
764,3.4,2.5
765,6.2,4.8
766,3.3,3.3
767,2.9,2.3
768,3.2,2.9
769,5.1,6.1
770,3.7,2.8
771,4.6,3.8
772,4.5,4.8
773,3.9,4.5
774,5.7,5.2
775,4.8,5
776,3.3,4.1
777,5.3,5.6
778,3.3,2.8
779,4.3,4.2
780,4.8,3
781,5,4.4
782,5,4.1
783,6.3,4.6
784,6.2,5.3
785,5.6,5.4
786,5,4.3
787,4.9,5
788,7.1,6.1
789,4.4,3.1
790,5.6,5
791,5.3,4.4
792,5,6.7
793,5.3,6.7
794,6,5.8
795,5.2,5.3
796,5.5,6.6
797,4.5,6.3
798,3.7,6.3
799,3.7,6.3
800,4.2,5
801,4.7,7.1
802,4,5.8
803,4.7,7.5
804,5.2,6.1
805,6.5,6.2
806,4.1,4.3
807,5.2,6.4
808,5.2,7.1
809,6,6.4
810,6.1,5.5
811,4,3.4
812,5.9,5.3
813,4.3,5.6
814,5.2,5.8
815,6.5,5.3
816,6.3,5.5
817,5.2,3.8
818,6.8,6.4
819,6.4,6.6
820,6,5
821,6.4,4.8
822,6.8,6
823,6.9,5.6
824,6,5
825,5,3.5
826,6.7,6.4
827,6.1,6.6
828,5.1,3.4
829,6.1,5.2
830,5.9,4.3
831,6,6.4
832,7.3,6.6
833,6.4,6.6
834,5.6,6.6
835,5.7,5.8
836,5.8,6.3
837,5.8,6
838,6.4,6.3
839,6.2,6.2
840,3.8,3.6
841,5.5,5.4
842,6.8,6.3
843,5.7,5.9
844,6.3,5.6
845,3.7,2.4
846,2.3,4.5
847,3.6,3.5
848,4.2,4.4
849,3.8,3.7
850,3,3.9
851,3,3.2
852,4.8,3.7
853,4.2,2.4
854,5.1,5.4
855,3.2,2.9
856,3.1,2.3
857,3.4,3
858,3.4,3.3
859,4.4,3.9
860,5.7,3
861,4.2,3.4
862,4,1.9
863,3.4,2.1
864,3.4,2.8
865,3.9,2.3
866,6.8,5.4
867,3.1,3.1
868,5.4,5.1
869,4.9,3
870,3.9,3.2
871,3.4,3
872,3.7,2.7
873,3.5,2.4
874,3.8,3.1
875,4.5,3.4
876,4.6,3.4
877,5,2.4
878,4.1,2.1
879,3.1,2.7
880,4.5,3.4
881,4.3,4.2
882,4.4,3.7
883,5.1,2.5
884,5.9,5.4
885,4.5,3.6
886,3.2,2.1
887,3.8,5.1
888,3.7,4.6
889,4.7,2.4
890,2.6,3.4
891,4.6,3.6
892,3.4,3
893,4,2.6
894,4.1,2.3
895,5,5.6
896,6.1,5.6
897,3.9,2.5
898,3.9,4.4
899,4.2,4.3
900,7,5.6
901,6.9,6.1
902,6.2,6.2
903,5.8,6
904,6.4,5.4
905,4.1,2.5
906,3.6,3.8
907,6.2,5.3
908,3.6,3.1
909,3.5,2.8
910,4.6,3.3
911,3.6,2.8
912,4.4,3.3
913,3.9,2.8
914,3.1,2.1
915,3.6,1.9
916,3.9,2.5
917,4.3,4
918,3.6,3.3
919,3.7,3.4
920,4.9,2.7
921,5.2,3.3
922,4.9,4.5
923,3.4,4.1
924,3.3,2.6
925,3.7,4.4
926,2.7,2.2
927,3.7,3.2
928,4.2,2.3
929,6.2,4.8
930,3.7,1.9
931,4.4,4.1
932,4.7,3.3
933,4.8,3.2
934,3.5,2.2
935,4.4,2.6
936,3.7,2.9
937,4.4,3.9
938,3.4,2.5
939,4.2,4
940,3.8,2.7
941,3.9,2.8
942,3.5,1.8
943,4.5,3.5
944,3.2,3.6
945,6,5.5
946,4.1,2.7
947,4,3.4
948,6.6,5.5
949,6,5.7
950,5.1,5.8
951,4.7,3.4
952,6.2,4.6
953,4.4,2.7
954,3.8,2.4
955,5.5,4.7
956,3.5,2.7
957,3.1,2.8
958,6.2,5.3
959,6.2,5.6
960,5.5,5.3
961,3.9,2.6
962,3.9,4.1
963,4.3,2.2
964,3.6,2.2
965,5.4,5.3
966,4.1,3.2
967,4.6,5.6
968,6.2,6.8
969,3.4,4.6
970,3.9,3.8
971,4.7,5.7
972,5.4,3.3
973,5.2,4.3
974,5.3,3.7
975,5.5,6.5
976,6.9,6.3
977,5.5,4.8
978,4.6,3
979,4.9,5.8
980,4.5,4.9
981,4.1,3.3
982,5.5,5.1
983,6.3,6.7
984,2.7,2.6
985,4.1,3.7
986,4.7,4.3
987,5.8,5.7
988,4.6,3.7
989,6.4,5.3
990,4.5,3.1
991,4.4,6.3
992,3.7,3
993,5.1,5.6
994,7,7.4
995,6.9,6.3
996,5.2,5.1
997,4.1,3
998,4.7,6.2
999,3.4,2
1000,5.7,5.5
1001,5,3.8
1002,5.7,5.6
1003,3.6,2.8
1004,7.2,6.5
1005,3.8,3.1
1006,4.5,4.8
1007,5.8,5.1
1008,4.6,3.6
1009,5.8,5.5
1010,5.6,5.1
1011,4.5,3.7
1012,5.3,3.7
1013,3.5,4.4
1014,4.6,5.3
1015,4.6,4.7
1016,4,3.2
1017,4.8,5.6
1018,6,5.4
1019,3.5,2.8
1020,4.8,5.5
1021,2.9,2.2
1022,5.1,4.1
1023,5.6,4.2
1024,5.9,5.4
1025,5.4,4.5
1026,6.8,6.4
1027,3.3,5.2
1028,6.3,6.6
1029,5.1,4.9
1030,3.8,3
1031,4.5,4.3
1032,5.2,3.4
1033,5,4.4
1034,6.6,6.6
1035,3.6,2.5
1036,5.6,5.2
1037,5.7,5.1
1038,5.9,5.5
1039,6.9,6.4
1040,5,5.9
1041,4.8,3.7
1042,6.9,5.6
1043,4.5,4.7
1044,6,4.5
1045,4.4,2.8
1046,4.4,3.8
1047,6.1,6.5
1048,5.2,6.3
1049,4.7,6.2
1050,5.3,5.3
1051,5.1,5.4
1052,5.8,5.3
1053,6.5,7.4
1054,5.1,4.4
1055,4.1,3.5
1056,5.3,4
1057,4.2,3
1058,4.1,4.1
1059,7,6.4
1060,5.2,4
1061,5.3,6.2
1062,4.8,4.3
1063,6.5,5.6
1064,3.8,6.5
1065,4.5,5.7
1066,6.5,5.5
1067,5.5,5
1068,6.1,6.7
1069,5.9,5.8
1070,6.1,5
1071,5.5,2.8
1072,4.4,2.7
1073,5.3,4.2
1074,5.7,7.2
1075,5.3,4.4
1076,2.5,2.3
1077,4.5,5.7
1078,3.8,7.8
1079,5.4,5.6
1080,3.6,2.7
1081,5,6.5
1082,6.2,6.4
1083,7.2,6.8
1084,6.4,5.7
1085,3.5,3.2
1086,6.5,6.4
1087,6,5.4
1088,6.3,5.5
1089,4.5,2.9
1090,6.5,5.6
1091,4.6,4
1092,5.8,6.3
1093,5.2,5.2
1094,4,2.6
1095,6.3,5.9
1096,6.7,6.4
1097,5.3,6.4
1098,4.6,2
1099,6.3,3.8
1100,5.2,5.2
1101,4.5,6
1102,6,6
1103,3.6,3.4
1104,5.5,2.9
1105,4.4,2.5
1106,4.4,5.4
1107,5.1,3.6
1108,4.3,6.2
1109,6.5,6.4
1110,5.4,6.3
1111,7.1,7.2
1112,3.4,3.3
1113,6.8,6.6
1114,4.3,4.1
1115,5.7,5.4
1116,4.8,5.2
1117,6.6,5.7
1118,6,4.1
1119,5.6,5.6
1120,7,6.6
1121,3.7,3.1
1122,5.5,5.7
1123,5.8,5.7
1124,4.1,4.5
1125,6.1,7.1
1126,4.8,4.7
1127,5.6,3
1128,5.8,5.4
1129,6,6
1130,5.9,5
1131,6.1,4.5
1132,6.8,7.8
1133,4.2,3.3
1134,6.1,6.3
1135,4.3,5.7
1136,6.2,6.7
1137,6.2,4.1
1138,6,4.1
1139,4.7,3.5
1140,6.1,6
1141,4.3,3.3
1142,6.9,7.6
1143,6.1,6.4
1144,5.6,5.8
1145,5.8,5.3
1146,5.6,2.5
1147,5.6,5.1
1148,3.8,2.7
1149,3.7,2.2
1150,3.9,3.7
1151,3.6,3.8
1152,4.2,5
1153,4.9,3.7
1154,6,4.4
1155,3.9,2.7
1156,4.6,3.2
1157,4.3,4.1
1158,3.7,4
1159,5.7,4.7
1160,4.4,2.7
1161,4.6,2.4
1162,4.3,3.8
1163,3.7,2.5
1164,4.8,3.1
1165,4.2,3.2
1166,4.1,2.8
1167,4.2,5.5
1168,4.5,3.5
1169,5.1,5.2
1170,6.6,6.4
1171,5,4.9
1172,4.7,3.5
1173,3,2.3
1174,4.6,3.2
1175,4.1,4.1
1176,3.7,2.6
1177,4,3.6
1178,3.7,2.8
1179,3.6,5.3
1180,4.7,3.8
1181,5.1,4.5
1182,3.6,2.9
1183,4.1,2.9
1184,5.1,4.9
1185,5,4
1186,5.3,2.8
1187,5.8,2.9
1188,4.6,3.1
1189,5.1,3.6
1190,5.8,3.2
1191,4.4,4.1
1192,4.4,4.4
1193,4.6,4.1
1194,5.7,5
1195,5.1,4.8
1196,4.2,3.9
1197,4,3.8
1198,5.2,3.6
1199,4.1,4.2
1200,4.3,2.2
1201,5.4,4.8
1202,4.2,4.7
1203,5.4,5.1
1204,4.8,3.9
1205,5.3,4.2
1206,4.8,3.9
1207,3.3,3
1208,4.8,4.4
1209,5.2,3.7
1210,6.1,4.5
1211,4,4.2
1212,3.7,2
1213,3.1,3.2
1214,5.1,3.2
1215,7.3,6.8
1216,5,5.2
1217,6.1,6
1218,6.6,6.4
1219,4.3,3.2
1220,4.5,5.1
1221,5.1,4.5
1222,5.1,3.5
1223,5,5.1
1224,4.8,5.3
1225,3.9,3.7
1226,4.3,3.4
1227,3.9,3.8
1228,4.4,3.8
1229,4.7,3.8
1230,3.7,2.9
1231,4.3,2.4
1232,4.9,3.9
1233,4.9,4.6
1234,3.8,3.1
1235,4.8,5.2
1236,3.3,2.8
1237,4,6.1
1238,4.9,3.8
1239,4.4,3.9
1240,6.1,5.8
1241,4.4,3.6
1242,4.8,3.8
1243,4.8,4.5
1244,3.8,3.2
1245,5,4.9
1246,7.2,7
1247,5.9,4.1
1248,6,5.9
1249,4.2,4.9
1250,5,4.8
1251,5.5,5.7
1252,5.9,5.3
1253,5.9,5.4
1254,4.1,5.6
1255,5.5,5.6
1256,3.8,5.2
1257,6.1,6.3
1258,4.6,5.4
1259,4.4,4.8
1260,5.6,4.9
1261,6,5
1262,6.1,6.3
1263,5,5.6
1264,5.3,5.3
1265,4.8,4.9
1266,5.2,5.7
1267,6.9,4.8
1268,5.6,4.4
1269,4.5,4.5
1270,5.9,5.9
1271,4.5,4.7
1272,5.5,4.6
1273,5.4,5.7
1274,6.2,4.2
1275,5.1,4.8
1276,5.8,5.6
1277,5.2,5.3
1278,5.7,5.7
1279,5.4,5.3
1280,4.8,3.4
1281,5.9,3.4
1282,6.3,4.7
1283,4.4,4.7
1284,5.7,5.1
1285,5.2,4.6
1286,5.5,5.5
1287,6.1,5.4
1288,6.4,5.4
1289,4.8,4.8
1290,5.3,4.4
1291,4,5.8
1292,4.6,3.7
1293,4.9,5.2
1294,4.8,3.7
1295,5.6,5.4
1296,5.6,5.6
1297,5.6,5.9
1298,5.8,4.5
1299,4.4,2.9
1300,4.7,6.1
1301,5.5,6.3
1302,3.4,5.9
1303,5.8,5.2
1304,5.2,5.2
1305,5,6
1306,4.8,6.3
1307,5.1,5.7
1308,6.1,6.4
1309,4.6,4.9
1310,6.2,5.3
1311,4,5
1312,5.4,6
1313,5.6,5.8
1314,5.2,4.6
1315,4.4,6.9
1316,5.5,5
1317,4.9,3.6
1318,5.9,5.4
1319,5.2,5.1
1320,5.4,3.9
1321,5.2,4.7
1322,5.9,4.8
1323,5.8,4.9
1324,6.1,5.2
1325,6.5,6.1
1326,5.9,5.4
1327,5.6,5.2
1328,4.9,4.6
1329,5,3.9
1330,4.3,5
1331,5,5.5
1332,4.9,5.8
1333,5.8,6.1
1334,4.2,6.2
1335,5.9,4.7
1336,6.1,6.4
1337,4.7,3.5
1338,5.6,5.4
1339,5.6,5.9
1340,5.5,5.1
1341,5.5,5
1342,4.3,5.5
1343,3.6,4.1
1344,5.6,5.6
1345,5,5.3
1346,5,3.7
1347,5.4,3.9
1348,4.5,3.6
1349,5.6,4
1350,5.6,4.9
1351,4.5,3
1352,4.5,7
1353,6.4,6.5
1354,6.4,4.1
1355,5.7,6.2
1356,3.8,3.1
1357,6.2,6.6
1358,6.6,4.6
1359,5.7,4.6
1360,4.8,5.5
1361,6.1,5.9
1362,6.1,3.9
1363,5.2,5.3
1364,6.3,5.7
1365,6.1,6
1366,6,5.9
1367,5.6,5.3
1368,5.7,6.4
1369,4.9,4.4
1370,6.1,6
1371,4.4,3.9
1372,4.7,4.8
1373,6.4,6.3
1374,6,5.4
1375,5.7,4.8
1376,5.2,3.4
1377,6.5,6.3
1378,5.5,6.1
1379,6.8,6.1
1380,4.6,5.2
1381,5.5,3.6
1382,5.9,3.9
1383,5.3,5.3
1384,6.6,6.1
1385,4.6,5.3
1386,5.1,4.9
1387,4.4,4.3
1388,5,5.9
1389,5.8,5.7
1390,4.5,3.7
1391,7.1,5.8
1392,3.9,2.5
1393,6.1,6
1394,5.9,4.7
1395,4.8,6
1396,7.2,6.3
1397,4.3,3.1
1398,4.8,3.1
1399,6.1,6.1
1400,4.7,4
1401,5.6,5.7
1402,6.2,5.9
1403,4.6,4.6
1404,5.2,5.5
1405,5.7,6.3
1406,6.1,6
1407,4.6,4.9
1408,4.2,4
1409,5.6,5.7
1410,3.8,3.3
1411,6,7.5
1412,5.5,5.5
1413,5.5,4.9
1414,5.9,5.4
1415,4.2,3.3
1416,4.4,2.6
1417,6.1,5.9
1418,5,5.3
1419,5.5,5.7
1420,5.6,4.9
1421,6.8,6.4
1422,5.1,4.2
1423,5.4,5.6
1424,6.8,6.1
1425,5,3.5
1426,6.1,5.8
1427,6,4.8
1428,5.1,5
1429,5.4,4.5
1430,3.7,3.3
1431,5.1,4.7
1432,5.2,4.7
1433,7.1,6.4
1434,5.4,4.6
1435,3.7,3.6
1436,3.8,3.3
1437,4.4,3.8
1438,4.5,6.1
1439,5.7,5.6
1440,3.8,3.3
1441,3.3,2.8
1442,4.5,4.5
1443,5.1,5
1444,5.6,5
1445,4,3.1
1446,4.1,3.9
1447,5.3,6.7
1448,5.3,6.4
1449,4,4.4
1450,4.9,4
1451,3.5,4
1452,4.2,3.6
1453,4,3.8
1454,3.6,2.9
1455,5,3.2
1456,4.4,2.9
1457,6.2,5.7
1458,6.1,4
1459,5.9,5.6
1460,5.8,5.4
1461,6,4.8
1462,4.7,3.5
1463,5,3.3
1464,7.5,6
1465,4.2,2.9
1466,5,3.1
1467,4.3,3.4
1468,3.7,3.3
1469,5.2,4.4
1470,4.6,3.2
1471,4.9,4.7
1472,3.1,4.7
1473,5.1,5.4
1474,5.3,3.9
1475,4.2,3.6
1476,4.2,3
1477,3.8,3.3
1478,5.1,5.2
1479,4.7,3
1480,4.7,3.1
1481,3.6,3.6
1482,2.8,4.8
1483,3.7,2.8
1484,5.3,4.3
1485,3.3,3.5
1486,6.8,5.1
1487,6.8,6.5
1488,4.9,4.3
1489,7.1,5.9
1490,5.7,4.8
1491,4.3,2.9
1492,5.4,4.1
1493,6.7,4.6
1494,4.7,5.3
1495,4.1,4.3
1496,5.5,6.1
1497,3.2,3.4
1498,4.2,2.4
1499,6.4,5.7
1500,4.4,3.9
1501,5,3.1
1502,5.4,3
1503,5.4,4.7
1504,4.3,4.1
1505,7.9,7.1
1506,6.1,5.4
1507,4.4,3.5
1508,4.9,4
1509,5.8,4.6
1510,3.7,3
1511,3.8,2.4
1512,4.1,3.1
1513,5.9,5.3
1514,4.5,2.9
1515,4.9,5.3
1516,5.6,4.3
1517,5.4,4.1
1518,4.9,4.8
1519,4.6,3
1520,4.8,3.8
1521,5.3,4.4
1522,4.4,3.2
1523,5.7,2.9
1524,4.8,3.5
1525,4.2,2.7
1526,4.7,5.2
1527,4.2,3.3
1528,5.5,5.1
1529,5.6,5.2
1530,4.2,3.1
1531,3.9,3.4
1532,3.6,6
1533,5.9,5.1
1534,3.8,3.3
1535,5.3,3.3
1536,6.1,5.1
1537,5.1,4.2
1538,4.2,3.7
1539,3.9,3
1540,5.8,6
1541,3.6,4.1
1542,5.7,4
1543,5.8,4.5
1544,3.4,2.6
1545,3.4,2.8
1546,5.7,6.6
1547,4.1,3.6
1548,5.7,5.9
1549,5.7,4.9
1550,6.5,6.2
1551,5.7,5.3
1552,5.4,5.3
1553,4,4.1
1554,4.1,4
1555,4.6,4.7
1556,5,5
1557,6.1,5.7
1558,6,5.8
1559,6.4,5.8
1560,5,4.5
1561,6.6,6
1562,4.3,3.2
1563,4.1,4.1
1564,4.5,4.4
1565,6.2,6.6
1566,4.7,3.5
1567,2.7,5.6
1568,6.2,5.7
1569,4.8,4.5
1570,5.1,3.7
1571,5.6,6.7
1572,5.8,6.6
1573,4.8,3.6
1574,5.7,5.3
1575,6.2,5.6
1576,5.7,5.2
1577,4.5,3.2
1578,6.3,5.7
1579,5.3,3.2
1580,5.6,4.6
1581,4.2,2.9
1582,4.6,5
1583,6,5.7
1584,4.8,5.4
1585,4.6,3.1
1586,5.8,6.3
1587,4.9,4.7
1588,6.1,5.5
1589,5.9,5.9
1590,5.8,5.8
1591,3.2,2.6
1592,5.5,5
1593,6,5.8
1594,3.7,2.7
1595,4.6,3.3
1596,4.1,4.7
1597,6.5,5.7
1598,5.2,4.5
1599,5.4,6
1600,6.1,6.7
1601,5.3,5
1602,5.2,5.6
1603,5.2,5
1604,3.7,3.5
1605,5.1,5
1606,5.1,4.9
1607,6.4,5.7
1608,6.1,7.4
1609,6.8,5.9
1610,4.8,4.5
1611,4.2,4
1612,5.8,5
1613,4.1,3.7
1614,5.4,5.6
1615,6.4,6.6
1616,4.5,4.2
1617,4.7,3.4
1618,5,6.3
1619,6.3,6.2
1620,6.3,5
1621,6.2,5.5
1622,6.7,6.3
1623,5.4,6.4
1624,5.4,3.2
1625,5,5.2
1626,5.5,6.2
1627,5.6,4.5
1628,6.5,5.6
1629,3.9,3.9
1630,4.1,3
1631,6,5.8
1632,3.4,3.2
1633,5.6,5.5
1634,6,5.8
1635,5,3.5
1636,5.1,6.1
1637,6.3,6.2
1638,4.8,4.8
1639,6.5,5.9
1640,4.9,2.1
1641,4.2,3.8
1642,5.1,4.2
1643,5,4.1
1644,6.5,6.7
1645,5.2,6.4
1646,4.4,7.3
1647,3.2,6.9
1648,4.1,3.4
1649,3.7,6.5
1650,4.4,6.2
1651,4.9,6.5
1652,5.2,5.1
1653,4.9,5
1654,3.8,3.3
1655,4.3,5.4
1656,5.4,5.5
1657,6,6.5
1658,5.3,6.3
1659,6.3,6.5
1660,5.4,6.3
1661,4.1,4.6
1662,3.4,4.6
1663,4.5,5.4
1664,5.7,6.4
1665,4.4,6.5
1666,5.6,5.8
1667,6.4,6.2
1668,5.3,5.7
1669,4.9,4.5
1670,5.2,6.1
1671,5.6,4.6
1672,3.7,5.6
1673,5.1,6.7
1674,4.6,4
1675,4.7,5.5
1676,4.8,6
1677,5.2,7
1678,5.8,3.8
1679,4.7,4.4
1680,2.9,3
1681,4.3,3.9
1682,5.6,7
1683,4.4,3.2
1684,5.1,5.6
1685,5.2,4.4
1686,6.4,6.8
1687,4.2,4.4
1688,6.1,5.1
1689,6,6.1
1690,4,6
1691,5,7.4
1692,4,6.7
1693,2.2,5.1
1694,3.8,3.4
1695,4.6,4
1696,4.1,4.4
1697,5.1,4.4
1698,6.7,5.7
1699,5.5,6.5
1700,5.4,5.9
1701,4.8,4.8
1702,4.8,5.1
1703,4.7,5.8
1704,4.5,6.7
1705,5.9,5.3
1706,4.4,5
1707,3.9,5.5
1708,3.6,6.7
1709,3.3,3.5
1710,3.6,5
1711,4.7,6.9
1712,4.6,6.18
1713,3.7,5.7
1714,5.9,7.1
1715,5.5,5.5
1716,6,5.9
1717,4.3,4.3
1718,3.4,4.7
1719,4.7,5.6
1720,4.9,5.4
1721,4.7,5.2
1722,6.5,6.5
1723,5.5,7.2
1724,5.5,5.4
1725,5.1,5.8
1726,4.5,4.5
1727,2.9,3.4
1728,3.7,2.9
1729,4.8,5.6
1730,4,5.1
1731,6.5,6.3
1732,5.5,5.8
1733,5,5.7
1734,4.2,4.1
1735,5,6
1736,4.9,6.8
1737,3.5,7
1738,3.8,3.5
1739,4.7,4.7
1740,3.9,5.9
1741,5.3,3.9
1742,6.4,6.2
1743,4.6,5.4
1744,5.8,6
1745,3.2,6.6
1746,6.4,5.2
1747,5.4,4.6
1748,5,4.8
1749,3.8,5.2
1750,5,3.2
1751,3.4,4.4
1752,5.6,3.6
1753,5.2,4.2
1754,6,4.8
1755,4.2,5
1756,3.17,5.17
1757,5.4,5.6
1758,3,6.6
1759,6.6,5.4
1760,7.2,5.6
1761,6.67,6.5
1762,6.5,6.33
1763,6.8,6.8
1764,6.8,5.8
1765,4.2,4.4
1766,3.8,4.4
1767,5.6,3
1768,6.4,4.4
1769,6,4.8
1770,5.6,4
1771,5.8,5.4
1772,3.4,6.2
1773,4.17,4
1774,4.2,6.2
1775,4.6,3.4
1776,5.2,4.4
1777,3.17,6.83
1778,6.2,4.6
1779,3.4,4.6
1780,3.83,4.67
1781,6.4,4.4
1782,4,3.8
1783,5.4,4.6
1784,3.6,7
1785,4.4,3
1786,4.8,4.6
1787,5.6,4.4
1788,6.4,5.2
1789,4.8,3.2
1790,5.5,5.17
1791,6.2,5
1792,6.2,3.6
1793,4.4,3.8
1794,4.4,3.6
1795,3.2,4.6
1796,3.2,5.2
1797,3.8,3.8
1798,5.4,3.6
1799,5,5.2
1800,5,4.6
1801,3.17,6.83
1802,3.8,5.8
